Year,Country,NOC,Association
1905,Denmark,DEN,Europe
1906,Belgium,BEL,Europe
1907,Canada,CAN,America
1914,Romania,ROU,Europe
1947,Iran,IRI,Asia
1947,Guatemala,GUA,America
1955,Barbados,BAR,America
1959,Nicaragua,NCA,America
1962,Benin,BEN,Africa
1963,Mali,MLI,Africa
1964,Congo,CGO,Africa
1983,Bhutan,BHU,Asia
1983,Samoa,SAM,Oceania
1984,Brunei,BRU,Asia
1993,Georgia,GEO,Europe
1993,Tajikistan,TJK,Asia
1993,Saint Lucia,LCA,America
1993,Moldova,MDA,Europe
1995,Palestine,PLE,Asia
2007,Montenegro,MNE,Europe
